<?xml version="1.0" encoding="UTF-8"?>
<root>
  <item name="com.liuzhenlin.slidingdrawerlayout.SlidingDrawerLayout boolean isDrawerEnabledInTouch(int) 0">
    <annotation name="androidx.annotation.IntDef">
      <val name="value" val="{android.view.Gravity.LEFT, android.view.Gravity.RIGHT, android.view.Gravity.START, android.view.Gravity.END}" />
    </annotation>
  </item>
  <item name="com.liuzhenlin.slidingdrawerlayout.SlidingDrawerLayout boolean isDrawerSlidable(int) 0">
    <annotation name="androidx.annotation.IntDef">
      <val name="value" val="{android.view.Gravity.LEFT, android.view.Gravity.RIGHT, android.view.Gravity.START, android.view.Gravity.END}" />
    </annotation>
  </item>
  <item name="com.liuzhenlin.slidingdrawerlayout.SlidingDrawerLayout int getScrollState()">
    <annotation name="androidx.annotation.IntDef">
      <val name="value" val="{com.liuzhenlin.slidingdrawerlayout.SlidingDrawerLayout.SCROLL_STATE_IDLE, com.liuzhenlin.slidingdrawerlayout.SlidingDrawerLayout.SCROLL_STATE_TOUCH_SCROLL, com.liuzhenlin.slidingdrawerlayout.SlidingDrawerLayout.SCROLL_STATE_AUTO_SCROLL}" />
    </annotation>
  </item>
  <item name="com.liuzhenlin.slidingdrawerlayout.SlidingDrawerLayout java.lang.CharSequence getDrawerTitle(int) 0">
    <annotation name="androidx.annotation.IntDef">
      <val name="value" val="{android.view.Gravity.LEFT, android.view.Gravity.RIGHT, android.view.Gravity.START, android.view.Gravity.END}" />
    </annotation>
  </item>
  <item name="com.liuzhenlin.slidingdrawerlayout.SlidingDrawerLayout void dispatchDrawerScrollStateChangeIfNeeded(int) 0">
    <annotation name="androidx.annotation.IntDef">
      <val name="value" val="{com.liuzhenlin.slidingdrawerlayout.SlidingDrawerLayout.SCROLL_STATE_IDLE, com.liuzhenlin.slidingdrawerlayout.SlidingDrawerLayout.SCROLL_STATE_TOUCH_SCROLL, com.liuzhenlin.slidingdrawerlayout.SlidingDrawerLayout.SCROLL_STATE_AUTO_SCROLL}" />
    </annotation>
  </item>
  <item name="com.liuzhenlin.slidingdrawerlayout.SlidingDrawerLayout void openDrawer(int, boolean) 0">
    <annotation name="androidx.annotation.IntDef">
      <val name="value" val="{android.view.Gravity.LEFT, android.view.Gravity.RIGHT, android.view.Gravity.START, android.view.Gravity.END}" />
    </annotation>
  </item>
  <item name="com.liuzhenlin.slidingdrawerlayout.SlidingDrawerLayout void setDrawerEnabledInTouch(int, boolean) 0">
    <annotation name="androidx.annotation.IntDef">
      <val name="value" val="{android.view.Gravity.LEFT, android.view.Gravity.RIGHT, android.view.Gravity.START, android.view.Gravity.END}" />
    </annotation>
  </item>
  <item name="com.liuzhenlin.slidingdrawerlayout.SlidingDrawerLayout void setDrawerTitle(int, java.lang.CharSequence) 0">
    <annotation name="androidx.annotation.IntDef">
      <val name="value" val="{android.view.Gravity.LEFT, android.view.Gravity.RIGHT, android.view.Gravity.START, android.view.Gravity.END}" />
    </annotation>
  </item>
  <item name="com.liuzhenlin.slidingdrawerlayout.SlidingDrawerLayout.OnDrawerScrollListener void onScrollStateChange(com.liuzhenlin.slidingdrawerlayout.SlidingDrawerLayout, android.view.View, int) 2">
    <annotation name="androidx.annotation.IntDef">
      <val name="value" val="{com.liuzhenlin.slidingdrawerlayout.SlidingDrawerLayout.SCROLL_STATE_IDLE, com.liuzhenlin.slidingdrawerlayout.SlidingDrawerLayout.SCROLL_STATE_TOUCH_SCROLL, com.liuzhenlin.slidingdrawerlayout.SlidingDrawerLayout.SCROLL_STATE_AUTO_SCROLL}" />
    </annotation>
  </item>
  <item name="com.liuzhenlin.slidingdrawerlayout.SlidingDrawerLayout.ScrollState">
    <annotation name="androidx.annotation.IntDef">
      <val name="value" val="{com.liuzhenlin.slidingdrawerlayout.SlidingDrawerLayout.SCROLL_STATE_IDLE, com.liuzhenlin.slidingdrawerlayout.SlidingDrawerLayout.SCROLL_STATE_TOUCH_SCROLL, com.liuzhenlin.slidingdrawerlayout.SlidingDrawerLayout.SCROLL_STATE_AUTO_SCROLL}" />
    </annotation>
  </item>
</root>

